lastname,gender,probability
Adam,,
André,,
Arnaud,,
Aubert,,
Aubry,,
Barbier,,
Baron,,
Barre,,
Benoit,,
Berger,,
Bernard,,
Bertrand,,
Blanc,,
Blanchard,,
Bonnet,,
Bourgeois,,
Boyer,,
Breton,,
Brun,,
Brunet,,
Caron,,
Carpentier,,
Carre,,
Charles,,
Charpentier,,
Chevalier,,
Clément,,
Colin,,
Collet,,
Cousin,,
Da silva,,
David,,
Deschamps,,
Dubois,,
Dufour,,
Dumas,,
Dumont,,
Dupont,,
Dupuis,,
Dupuy,,
Durand,,
Duval,,
Dvnis,,
Fabre,,
Faure,,
Fernandez,,
Fleury,,
Fontaine,,
Fournier,,
Francois,,
Gaillard,,
Garcia,,
Garnier,,
Gauthier,,
Gautier,,
Girard,,
Giraud,,
Gonzalez,,
Guillaume,,
Guillot,,
Guyot,,
Guérin,,
Gérard,,
Henry,,
Hubert,,
Huet,,
Jacquet,,
Jean,,
Joly,,
Julien,,
Lacroix,,
Laine,,
Lambert,,
Laurent,,
Le gall,,
Le roux,,
Leclerc,,
Leclercq,,
Lecomte,,
Lefèvre,,
Legrand,,
Lemaire,,
Lemoine,,
Leroux,,
Leroy,,
Lopéz,,
Louis,,
Lucas,,
Lévêque,,
Maillard,,
Marchal,,
Marchand,,
Marie,,
Martin,,
Martinez,,
Marty,,
Masson,,
Mathieu,,
Mercier,,
Meyer,,
Michel,,
Moreau,,
Morel,,
Morin,,
Moulin,,
Muller,,
Ménard,,
Méunier,,
Nguyen,,
Nicolas,,
Noël,,
Olivier,,
Paris,,
Paul,,
Perez,,
Perrin,,
Perrot,,
Petit,,
Philippe,,
Picard,,
Pierre,,
Poirier,,
Pons,,
Prévost,,
Renard,,
Renaud,,
Renault,,
Rey,,
Richard,,
Rivière,,
Robert,,
Robin,,
Roche,,
Rodriguez,,
Roger,,
Rolland,,
Rousseau,,
Roussel,,
Roux,,
Roy,,
Royer,,
Rémy,,
Sanchez,,
Schmitt,,
Schneider,,
Simon,,
Thomas,,
Vasseur,,
Vidal,,
Vincent,,
