firstname,gender,probability
Aaron,,
Abbey,,
Abbie,,
Abdul,,
Abe,,
Abel,,
Abigail,,
Abraham,,
Abram,,
Ada,,
Adah,,
Adalberto,,
Adaline,,
Adam,,
Adan,,
Adelaide,,
Adele,,
Adelia,,
Adeline,,
Adell,,
Adella,,
Adena,,
Adolfo,,
Adolph,,
Adria,,
Adrian,,
Adriana,,
Adriane,,
Adrianna,,
Adrianne,,
Adrien,,
Adrienne,,
Afton,,
Agatha,,
Agnes,,
Agripina,,
Agustin,,
Agustina,,
Ahmad,,
Ahmed,,
Ai,,
Aide,,
Aiko,,
Aileen,,
Ailene,,
Aimee,,
Aja,,
Al,,
Alaina,,
Alaine,,
Alan,,
Alana,,
Alane,,
Alanna,,
Alba,,
Albert,,
Albertha,,
Alberto,,
Albina,,
Aldo,,
Alease,,
Alec,,
Aleen,,
Aleida,,
Aleisha,,
Alejandra,,
Alejandrina,,
Alejandro,,
Alene,,
Alesha,,
Aleshia,,
Alesia,,
Aleta,,
Aletha,,
Alethia,,
Alex,,
Alexa,,
Alexander,,
Alexandra,,
Alexandria,,
Alexia,,
Alexis,,
Alfonso,,
Alfonzo,,
Alfred,,
Alfreda,,
Alfredia,,
Alfredo,,
Ali,,
Alice,,
Alina,,
Aline,,
Alisia,,
Alison,,
Alissa,,
Alita,,
Alix,,
Aliza,,
Alla,,
Allan,M,
Alleen,,
Allegra,,
Allen,,
Allene,,
Allie,,
Alline,F,
Allison,F,
Allyn,,
Alma,,
Almeta,,
Alona,,
Alonso,,
Alonzo,,
Alpha,,
Alphonse,M,
Alphonso,M,
Altha,,
Althea,F,
Alton,,
Alva,,
Alvaro,M,
Alvera,F,
Alverta,F,
Alvin,M,
Alyce,F,
Alycia,F,
Alysa,F,
Alysha,F,
Alysia,F,
Alyssa,F,
Amado,M,
Amal,M,
Amalia,F,
Amanda,F,
Ambrose,,
Ami,,
Amiee,,
Amina,,
Amira,,
Ammie,,
Amos,,
Amparo,,
Amy,,
Ana,,
Anabel,,
Analisa,,
Anamaria,,
Anastacia,,
Anastasia,,
Anderson,,
Andra,,
Andre,,
Andreas,,
Andres,,
Andrew,,
Andria,,
Andy,,
Anette,,
Angel,,
Angela,,
Angelena,,
Angeles,,
Angelia,,
Angelic,,
Angelica,,
Angelika,,
Angeline,,
Angelique,,
Angelita,,
Angella,,
Angelo,,
Angelyn,,
Angie,,
Angla,,
Angle,,
Anglea,,
Anh,,
Anibal,,
Anisa,,
Anisha,,
Anissa,,
Anita,,
Anja,,
Anjanette,,
Anjelica,,
Ann,,
Annabel,,
Annabell,,
Annalee,,
Annalisa,,
Annamarie,,
Anneliese,,
Annelle,,
Annemarie,,
Annett,,
Annetta,,
Annette,,
Annice,,
Annie,,
Annika,,
Annita,,
Anthony,,
Antione,,
Antionette,,
Antoine,,
Antoinette,,
Anton,,
Antone,,
Antonetta,,
Antonette,,
Antonia,,
Antonina,,
Antonio,,
Antony,,
Antwan,,
April,,
Ara,,
Araceli,,
Aracelis,,
Aracely,,
Arcelia,,
Archie,,
Ardath,,
Ardell,,
Ardella,,
Ardelle,,
Arden,,
Ardith,,
Aretha,,
Argentina,,
Ariane,,
Arica,,
Ariel,,
Arlean,,
Arlen,,
Arlena,,
Arlene,,
Arletha,,
Arletta,,
Arlie,,
Arlinda,,
Arline,,
Arlyne,,
Armand,,
Armanda,,
Armando,,
Armida,,
Arnetta,,
Arnita,,
Arnold,M,
Arnoldo,M,
Arnulfo,,
Aron,,
Arron,,
Art,,
Arthur,M,
Artie,,
Arturo,,
Arvilla,,
Asa,,
Asha,,
Ashanti,,
Ashely,,
Ashlea,,
Ashlee,,
Ashleigh,,
Ashley,F,
Ashlie,F,
Ashlyn,,
Ashton,,
Asia,,
Asley,,
Astrid,,
Asuncion,,
Aubrey,,
Audie,,
Audrey,,
Audria,,
Audrie,,
Audry,,
August,,
Augusta,,
Augustine,,
Augustus,,
Aura,,
Aurea,,
Aurelia,,
Aurora,,
Aurore,,
Austin,,
Autumn,,
Avery,,
Avis,,
Ayako,,
Ayana,,
Ayanna,,
Ayesha,,
Azucena,,
Azzie,,
Babara,,
Babette,,
Bailey,,
Bambi,,
Bao,,
Barb,,
Barbar,,
Barbara,F,
Barbera,,
Barbra,F,
Bari,,
Barney,,
Barrett,,
Barry,,
Bart,M,
Barton,,
Basil,,
Basilia,,
Bea,F,
Beata,,
Beatris,F,
Beatriz,F,
Beau,,
Beaulah,,
Becki,,
Beckie,F,
Becky,F,
Bee,,
Belia,,
Belkis,,
Bell,,
Bella,,
Belle,,
Belva,,
Ben,,
Benedict,,
Benita,,
Benito,,
Benjamin,,
Bennett,,
Bennie,,
Benny,,
Benton,,
Berna,,
Bernadine,,
Bernard,,
Bernarda,,
Bernardina,,
Bernardine,,
Bernardo,,
Bernice,,
Bernie,,
Bernita,,
Berry,,
Bert,,
Berta,,
Bertie,,
Bertram,,
Beth,,
Bethann,,
Bethany,F,
Bethel,,
Betsey,,
Bettina,F,
Betty,F,
Bettyann,,
Beula,,
Beulah,,
Beverley,,
Bianca,,
Bill,,
Billi,,
Billie,,
Billy,,
Blaine,,
Blair,,
Blake,,
Blanch,,
Blondell,,
Blythe,,
Bo,,
Bob,,
Bobbi,,
Bobbie,,
Bobby,,
Bobette,,
Bok,,
Bonita,,
Bonnie,F,
Booker,,
Boris,M,
Boyce,,
Boyd,,
Brad,,
Bradford,,
Bradley,M,
Bradly,,
Brady,M,
Brande,,
Branden,,
Brandie,,
Brandon,M,
Brandy,,
Brant,,
Breana,,
Breann,,
Breanna,,
Breanne,,
Brendan,,
Brendon,,
Brenna,,
Brent,,
Brenton,,
Bret,,
Brett,,
Brian,M,
Brice,M,
Bridget,F,
Bridgett,F,
Bridgette,F,
Brigette,F,
Brigitte,F,
Britt,F,
Britta,F,
Brittani,F,
Brittney,F,
Brittni,,
Brock,,
Broderick,,
Bronwyn,,
Brook,,
Brooke,,
Brooks,,
Bruce,,
Bruna,,
Brunilda,,
Bruno,,
Bryan,,
Bryanna,,
Bryant,,
Bryce,,
Brynn,,
Bryon,,
Buck,,
Bud,,
Buddy,,
Buena,,
Buford,,
Bula,,
Bunny,,
Burl,,
Burma,,
Burt,,
Burton,,
Buster,,
Byron,,
Caitlin,,
Calandra,,
Caleb,,
Calista,,
Callie,,
Calvin,,
Camellia,,
Cameron,,
Cami,,
Camie,,
Camila,,
Camille,,
Cammie,,
Cammy,,
Candace,,
Candance,,
Candi,,
Candice,,
Candie,,
Candis,,
Candra,,
Candy,,
Candyce,,
Caprice,,
Cara,,
Caren,,
Carey,,
Caridad,,
Carie,,
Carin,,
Carina,,
Carisa,,
Carl,,
Carla,,
Carlee,,
Carlena,,
Carletta,,
Carley,,
Carlie,,
Carlita,,
Carlo,,
Carlos,,
Carlota,,
Carlton,,
Carly,,
Carlyn,,
Carma,,
Carman,,
Carmel,,
Carmela,,
Carmelia,,
Carmelina,,
Carmelita,,
Carmella,,
Carmelo,,
Carmen,,
Carmina,,
Carmine,,
Carmon,,
Carol,,
Carola,,
Carolann,,
Carole,,
Carolee,,
Carolin,,
Carolina,,
Caron,,
Caroyln,,
Carri,,
Carrie,,
Carrol,,
Carroll,,
Carson,,
Carter,,
Cary,,
Caryl,,
Caryn,,
Casandra,,
Casey,,
Casie,,
Casimira,,
Cassandra,,
Cassaundra,,
Cassey,,
Cassi,,
Cassidy,,
Cassie,,
Cassondra,,
Cassy,,
Catalina,,
Catarina,,
Caterina,,
Catharine,,
Catherin,,
Catherina,,
Catherine,,
Cathey,,
Cathie,,
Cathleen,,
Cathrine,,
Cathryn,,
Cathy,,
Catrice,,
Cecelia,,
Cecil,,
Cecila,,
Cecily,,
Cedric,,
Cedrick,,
Celena,,
Celestina,,
Celestine,,
Celia,,
Celina,,
Celinda,,
Celine,,
Celsa,,
Cesar,,
Chad,,
Chadwick,,
Chae,,
Chan,,
Chana,,
Chance,,
Chanda,,
Chandra,,
Chanel,,
Chanelle,,
Chang,,
Chantay,,
Chantel,,
Chantell,,
Chantelle,,
Charis,,
Charisse,,
Charita,,
Charity,,
Charlena,,
Charlene,,
Charles,,
Charlesetta,,
Charlette,,
Charley,,
Charlie,,
Charline,,
Charlott,,
Charlotte,,
Charlsie,,
Charlyn,,
Charmain,,
Charmaine,,
Charolette,,
Chas,,
Chase,,
Chasidy,,
Chassidy,,
Chauncey,,
Chaya,,
Chelsey,,
Chere,,
Cheree,,
Cherelle,,
Cheri,,
Cherilyn,,
Cherise,,
Cherly,,
Cherlyn,,
Cherri,,
Cherrie,,
Cherry,,
Cherryl,,
Chery,,
Chester,,
Chet,,
Cheyenne,,
Chi,,
China,,
Ching,,
Chiquita,,
Chloe,,
Chong,,
Chris,,
Christa,,
Christal,,
Christeen,,
Christel,,
Christena,,
Christene,,
Christi,,
Christian,,
Christin,,
Christina,,
Christine,,
Christinia,,
Christoper,,
Christopher,,
Christy,,
Chu,,
Chuck,,
Chun,,
Chung,,
Ciara,,
Cierra,,
Cinda,,
Cinderella,,
Cindie,,
Cindy,,
Cinthia,,
Cira,,
Clair,,
Clara,,
Clare,,
Clarence,,
Claretha,,
Claretta,,
Clarinda,,
Claris,,
Clarisa,,
Clarissa,,
Clarita,,
Clark,,
Classie,,
Claud,,
Claude,,
Claudette,,
Claudia,,
Claudie,,
Claudine,,
Claudio,,
Clay,,
Clayton,,
Clelia,,
Clemencia,,
Clement,,
Clemente,,
Clementina,,
Clementine,,
Clemmie,,
Cleo,,
Cleopatra,,
Cleora,,
Cleta,,
Cletus,,
Cleveland,,
Cliff,,
Clifford,,
Clifton,,
Clint,,
Clinton,,
Clora,,
Clotilde,,
Clyde,,
Codi,,
Colby,,
Cole,,
Coleen,,
Coleman,,
Colene,,
Coletta,,
Colin,,
Colleen,,
Collen,,
Collene,,
Collette,,
Collin,,
Columbus,,
Concepcion,,
Concetta,,
Concha,,
Conchita,,
Connie,,
Conrad,,
Consuela,,
Consuelo,,
Contessa,,
Cora,,
Coralee,,
Corazon,,
Cordelia,,
Cordell,,
Cordie,,
Coreen,,
Coretta,,
Corey,,
Corie,,
Corine,,
Corinne,,
Corliss,,
Cornelius,,
Cornell,,
Corrie,,
Corrina,,
Corrine,,
Cortez,,
Cortney,,
Cory,,
Courtney,,
Coy,,
Craig,,
Creola,,
Cris,,
Crissy,,
Crista,,
Cristal,,
Cristen,,
Cristi,,
Cristie,,
Cristin,,
Cristina,,
Cristine,,
Cristobal,,
Cristopher,,
Cristy,,
Cruz,,
Crysta,,
Crystal,,
Cuc,,
Curt,,
Curtis,,
Cyndi,,
Cyndy,,
Cynthia,,
Cyril,,
Cyrstal,,
Cyrus,,
Cythia,,
Dacia,,
Dagmar,,
Dagny,,
Dahlia,,
Daine,,
Daisey,,
Daisy,,
Dakota,,
Dale,,
Dalene,,
Dalila,,
Dallas,,
Dalton,,
Damaris,,
Damian,,
Damien,,
Damion,,
Dan,,
Dana,,
Danae,,
Dane,,
Danelle,,
Danette,,
Dania,,
Danial,,
Danica,,
Daniel,,
Daniela,,
Daniell,,
Daniella,,
Danielle,,
Danille,,
Danilo,,
Dannette,,
Dannie,,
Dannielle,,
Danny,,
Dante,,
Danuta,,
Danyelle,,
Daphne,,
Dara,,
Darby,,
Darcel,,
Darcey,,
Darell,,
Daren,,
Daria,,
Darin,,
Dario,,
Darius,,
Darla,,
Darleen,,
Darlena,,
Darlene,,
Darline,,
Darnell,,
Daron,,
Darrel,,
Darrell,,
Darren,,
Darrick,,
Darrin,,
Darron,,
Darryl,,
Darwin,,
Daryl,,
Dave,,
David,,
Davida,,
Davina,,
Davis,,
Dawn,,
Dawna,,
Dayle,,
Daysi,,
Deadra,,
Dean,,
Deana,,
Deandra,,
Deandre,,
Deandrea,,
Deane,,
Deangelo,,
Deann,,
Deanna,,
Deb,,
Debbi,,
Debbie,,
Debby,,
Debera,,
Debi,,
Debora,,
Debra,,
Debrah,,
Debroah,,
Dedra,,
Dee,,
Deeann,,
Deeanna,,
Deedee,,
Deedra,,
Deena,,
Deetta,,
Deidra,,
Deirdre,,
Del,,
Delaine,,
Delana,,
Delbert,,
Delena,,
Delfina,,
Delia,,
Delicia,,
Delila,,
Delinda,,
Delisa,,
Dell,,
Delma,,
Delmar,,
Delmer,,
Delmy,,
Delois,,
Delora,,
Deloras,,
Delores,,
Deloris,,
Delorse,,
Delpha,,
Delphine,,
Delta,,
Demarcus,,
Demetria,,
Demetrice,,
Demetrius,,
Dena,,
Denae,,
Deneen,,
Denis,,
Denise,,
Denisse,,
Dennis,,
Dennise,,
Denny,,
Denver,,
Deon,,
Deonna,,
Derek,,
Derick,,
Derrick,,
Deshawn,,
Desiree,,
Desmond,,
Dessie,,
Detra,,
Devin,,
Devon,,
Devona,,
Devora,,
Devorah,,
Dewayne,,
Dewey,,
Dewitt,,
Dexter,,
Diamond,,
Dian,,
Diana,,
Diane,,
Diann,,
Dianna,,
Dick,,
Diedra,,
Diego,,
Dillon,,
Dimple,,
Dina,,
Dinah,,
Dino,,
Dinorah,,
Dion,,
Dione,,
Dionna,,
Dionne,,
Dirk,,
Dixie,,
Dodie,,
Dollie,,
Dolly,,
Dolores,,
Doloris,,
Domenic,,
Domenica,,
Dominga,,
Domingo,,
Dominic,,
Dominica,,
Dominick,,
Dominique,,
Domonique,,
Don,,
Dona,,
Donald,,
Donella,,
Donetta,,
Donette,,
Dong,,
Donn,,
Donna,,
Donnell,,
Donnette,,
Donnie,,
Donny,,
Donovan,,
Donte,,
Dora,,
Dorathy,,
Dorcas,,
Doreatha,,
Doreen,,
Dorene,,
Doretha,,
Dorethea,,
Doretta,,
Dorian,,
Dorie,,
Dorinda,,
Dorine,,
Dorla,,
Dorotha,,
Dorothea,,
Dorothy,,
Dorsey,,
Dorthea,,
Dorthey,,
Dorthy,,
Doug,,
Douglas,,
Douglass,,
Dovie,,
Doyle,,
Drema,,
Drew,,
Drucilla,,
Duane,,
Dudley,,
Dulce,,
Dulcie,,
Duncan,,
Dung,,
Dustin,,
Dusty,,
Dwain,,
Dwana,,
Dwayne,,
Dwight,,
Dylan,,
Earl,,
Earle,,
Earlean,,
Earleen,,
Earlene,,
Earlie,,
Earline,,
Earnest,,
Earnestine,,
Eartha,,
Easter,,
Eboni,,
Ebonie,,
Ebony,,
Echo,,
Ed,,
Eda,,
Edda,,
Eddie,,
Eddy,,
Edelmira,,
Eden,,
Edgar,,
Edgardo,,
Edison,,
Edith,,
Edmond,,
Edmund,,
Edmundo,,
Edna,,
Edra,,
Edris,,
Eduardo,,
Edward,,
Edwardo,,
Edwin,,
Effie,,
Efrain,,
Efren,,
Ehtel,,
Eileen,,
Eilene,,
Ela,,
Eladia,,
Elaine,,
Elana,,
Elane,,
Elayne,,
Elba,,
Elbert,,
Elden,,
Eldon,,
Eldora,,
Eldridge,,
Eleanora,,
Eleanore,,
Elena,,
Eleni,,
Elenor,,
Elenora,,
Elenore,,
Eleonora,,
Elfreda,,
Elfriede,,
Eli,,
Eliana,,
Elias,,
Elicia,,
Elidia,,
Elijah,,
Elina,,
Elisa,,
Elisabeth,,
Elise,,
Eliseo,,
Elisha,,
Elissa,,
Eliz,,
Eliza,,
Elizabeth,,
Elizebeth,,
Elke,,
Ella,,
Ellamae,,
Ellan,,
Ellen,,
Ellena,,
Elli,,
Ellie,,
Elliot,,
Elliott,,
Ellis,,
Ellsworth,,
Elly,,
Elma,,
Elmer,,
Elmira,,
Elmo,,
Elnora,,
Elodia,,
Elois,,
Eloisa,,
Eloise,,
Elouise,,
Eloy,,
Elroy,,
Elsa,,
Elsie,,
Elton,,
Elvera,,
Elvin,,
Elvina,,
Elvis,,
Elwood,,
Elza,,
Emanuel,,
Emelda,,
Emelia,,
Emelina,,
Emeline,,
Emerald,,
Emerson,,
Emery,,
Emiko,,
Emil,,
Emile,,
Emilee,,
Emilio,,
Emily,,
Emma,,
Emmaline,,
Emmanuel,,
Emmett,,
Emmitt,,
Emmy,,
Emogene,,
Emory,,
Enda,,
Enedina,,
Eneida,,
Enid,,
Enoch,,
Enola,,
Enrique,,
Epifania,,
Era,,
Erasmo,,
Eric,,
Erica,,
Erich,,
Erick,,
Ericka,,
Erik,,
Erika,,
Erin,,
Erinn,,
Erlene,,
Erma,,
Ermelinda,,
Ernest,,
Ernestine,,
Ernesto,,
Ernie,,
Errol,,
Ervin,,
Erwin,,
Esmeralda,,
Esteban,,
Estela,,
Estella,,
Ester,,
Esther,,
Etha,,
Ethan,,
Ethelyn,,
Ethyl,,
Etta,,
Ettie,,
Eufemia,,
Eugena,,
Eugene,,
Eugenio,,
Eula,,
Eulah,,
Eulalia,,
Eun,,
Euna,,
Eunice,,
Eura,,
Eusebia,,
Eustolia,,
Eva,,
Evalyn,,
Evan,,
Evangelina,,
Evangeline,,
Evelin,,
Eveline,,
Evelyn,,
Evelyne,,
Everett,,
Everette,,
Evette,,
Evie,,
Evonne,,
Exie,,
Ezekiel,,
Ezequiel,,
Ezra,,
Fabian,,
Fabiola,,
Fairy,,
Faith,,
Fanny,,
Farrah,,
Fatima,,
Faustina,,
Faustino,,
Fausto,,
Fawn,,
Fay,,
Faye,,
Fe,,
Federico,,
Felecia,,
Felica,,
Felice,,
Felicia,,
Felicidad,,
Felicita,,
Felicitas,,
Felipa,,
Felipe,,
Felisa,,
Felisha,,
Felix,,
Felton,,
Ferdinand,,
Fermin,,
Fermina,,
Fern,,
Fernanda,,
Fernando,,
Ferne,,
Fidel,,
Fidela,,
Fidelia,,
Filiberto,,
Filomena,,
Fiona,,
Flavia,,
Fleta,,
Fletcher,,
Flo,,
Flora,,
Florance,,
Florence,,
Florencia,,
Florencio,,
Florentina,,
Florentino,,
Floria,,
Florida,,
Florinda,,
Florine,,
Florrie,,
Floyd,,
Forest,,
Forrest,,
Foster,,
Fran,,
Francene,,
Frances,,
Francesco,,
Franchesca,,
Francie,,
Francine,,
Francis,,
Francisca,,
Francisco,,
Francoise,,
Frank,,
Frankie,,
Franklin,,
Franklyn,,
Fransisca,,
Fred,,
Freda,,
Fredda,,
Freddie,,
Freddy,,
Frederic,,
Frederica,,
Frederick,,
Fredericka,,
Fredric,,
Fredrick,,
Fredricka,,
Freeda,,
Freeman,,
Freida,,
Fritz,,
Fumiko,,
Gabriel,,
Gabriela,,
Gabriele,,
Gabriella,,
Gail,,
Gala,,
Gale,,
Galen,,
Galina,,
Garfield,,
Garland,,
Garnet,,
Garnett,,
Garret,,
Garrett,,
Garry,,
Garth,,
Gary,,
Gaston,,
Gavin,,
Gayle,,
Gaylene,,
Gaylord,,
Gaynell,,
Gaynelle,,
Gearldine,,
Gema,,
Genaro,,
Gene,,
Genesis,,
Genevie,,
Genevive,,
Genia,,
Gennie,,
Geoffrey,,
George,,
Georgeanna,,
Georgene,,
Georgetta,,
Georgette,,
Georgia,,
Georgiana,,
Georgiann,,
Georgianna,,
Georgianne,,
Georgie,,
Gerald,,
Geraldine,,
Geraldo,,
Gerard,,
Gerardo,,
Gerda,,
Geri,,
German,,
Gerri,,
Gerry,,
Gertha,,
Gertrud,,
Gertrude,,
Gertrudis,,
Gertude,,
Gigi,,
Gil,,
Gilbert,,
Gilberto,,
Gillian,,
Gilma,,
Ginger,,
Ginny,,
Gino,,
Giovanni,,
Gisela,,
Giuseppe,,
Giuseppina,,
Glady,,
Gladys,,
Glen,,
Glendora,,
Glenn,,
Glenna,,
Glennie,,
Glennis,,
Gloria,,
Glory,,
Glynis,,
Golda,,
Golden,,
Gonzalo,,
Gordon,,
Grace,,
Gracia,,
Gracie,,
Grady,,
Graham,,
Graig,,
Grant,,
Granville,,
Grayce,,
Greg,,
Gregg,,
Gregoria,,
Gregorio,,
Gregory,,
Greta,,
Gretchen,,
Gricelda,,
Grisel,,
Griselda,,
Grover,,
Guadalupe,,
Guillermina,,
Guillermo,,
Gus,,
Gussie,,
Gustavo,,
Guy,,
Gwen,,
Gwendolyn,,
Gwyn,,
Gwyneth,,
Hai,,
Hal,,
Halina,,
Halley,,
Hallie,,
Han,,
Hana,,
Hang,,
Hanh,,
Hank,,
Hanna,,
Hannah,,
Hannelore,,
Hans,,
Harlan,,
Harland,,
Harley,,
Harold,,
Harriet,,
Harriett,,
Harris,,
Harrison,,
Harry,,
Harvey,,
Hassan,,
Hattie,,
Hayden,,
Hayley,,
Haywood,,
Hazel,,
Heath,,
Hector,,
Hedwig,,
Hedy,,
Hee,,
Heide,,
Heidi,,
Heike,,
Helaine,,
Helene,,
Hellen,,
Henrietta,,
Henry,,
Herb,,
Herbert,,
Heriberto,,
Herma,,
Herman,,
Hermina,,
Herschel,,
Hershel,,
Hertha,,
Hettie,,
Hiedi,,
Hien,,
Hilaria,,
Hilario,,
Hilde,,
Hildegard,,
Hildegarde,,
Hildred,,
Hillary,,
Hilma,,
Hilton,,
Hipolito,,
Hiram,,
Hiroko,,
Hoa,,
Hobert,,
Hollie,,
Hollis,,
Holly,,
Homer,,
Hong,,
Hope,,
Horace,,
Horacio,,
Hortencia,,
Hosea,,
Houston,,
Howard,,
Hoyt,,
Hsiu,,
Huey,,
Hugh,,
Hugo,,
Hui,,
Hulda,,
Humberto,,
Hung,,
Hunter,,
Huong,,
Hwa,,
Hyacinth,,
Hye,,
Hyman,,
Hyon,,
Hyun,,
Ian,,
Idell,,
Idella,,
Ignacia,,
Ignacio,,
Ike,,
Ilana,,
Ileana,,
Ileen,,
Ilene,,
Iliana,,
Ilse,,
Ima,,
Imelda,,
Imogene,,
Ina,,
India,,
Inga,,
Inge,,
Ingrid,,
Inocencia,,
Iola,,
Iona,,
Ione,,
Ira,,
Irena,,
Irma,,
Irmgard,,
Irvin,,
Irving,,
Irwin,,
Isa,,
Isaac,,
Isabella,,
Isaiah,,
Isaias,,
Isela,,
Isiah,,
Isidro,,
Isis,,
Ismael,,
Isobel,,
Israel,,
Isreal,,
Issac,,
Iva,,
Ivan,,
Ivana,,
Ivelisse,,
Ivette,,
Ivey,,
Ivonne,,
Ivory,,
Izetta,,
Izola,,
Ja,,
Jacalyn,,
Jacinda,,
Jacinto,,
Jack,,
Jackeline,,
Jackelyn,,
Jacki,,
Jackie,,
Jacklyn,,
Jackson,,
Jacob,,
Jacqualine,,
Jacquelin,,
Jacquelynn,,
Jacques,,
Jacqui,,
Jacquie,,
Jacquline,,
Jacqulyn,,
Jade,,
Jadwiga,,
Jae,,
Jaime,,
Jaimee,,
Jaimie,,
Jake,,
Jaleesa,,
Jama,,
Jamal,,
Jamar,,
Jame,,
Jamel,,
James,,
Jamey,,
Jami,,
Jamie,,
Jamika,,
Jamila,,
Jamison,,
Jammie,,
Jan,,
Jana,,
Janae,,
Jane,,
Janean,,
Janel,,
Janell,,
Janella,,
Janet,,
Janeth,,
Janett,,
Janetta,,
Janey,,
Jani,,
Janie,,
Janiece,,
Janine,,
Janis,,
Janita,,
Jannet,,
Jannette,,
January,,
Janyce,,
Jaqueline,,
Jaquelyn,,
Jared,,
Jarod,,
Jarred,,
Jarrett,,
Jarrod,,
Jarvis,,
Jasmine,,
Jason,,
Jasper,,
Javier,,
Jay,,
Jaye,,
Jaymie,,
Jayne,,
Jayson,,
Jazmin,,
Jc,,
Jean,,
Jeane,,
Jeanelle,,
Jeanene,,
Jeanett,,
Jeanetta,,
Jeanette,,
Jeanie,,
Jeanmarie,,
Jeannetta,,
Jeannette,,
Jeannine,,
Jed,,
Jeff,,
Jefferey,,
Jefferson,,
Jeffery,,
Jeffrey,,
Jeffry,,
Jen,,
Jena,,
Jene,,
Jenell,,
Jenelle,,
Jenette,,
Jeneva,,
Jenice,,
Jenifer,,
Jenine,,
Jenise,,
Jenna,,
Jennefer,,
Jennette,,
Jennifer,,
Jenny,,
Jerald,,
Jeramy,,
Jere,,
Jeremiah,,
Jeremy,,
Jeri,,
Jerica,,
Jerilyn,,
Jerlene,,
Jermaine,,
Jerold,,
Jerome,,
Jeromy,,
Jerrell,,
Jerrica,,
Jerrie,,
Jerrod,,
Jerrold,,
Jerry,,
Jess,,
Jesse,,
Jessenia,,
Jessi,,
Jessia,,
Jessica,,
Jessie,,
Jessika,,
Jestine,,
Jesus,,
Jesusa,,
Jesusita,,
Jetta,,
Jewel,,
Jewell,,
Ji,,
Jillian,,
Jim,,
Jimmie,,
Jimmy,,
Jin,,
Jina,,
Jo,,
Joan,,
Joane,,
Joanna,,
Joanne,,
Joannie,,
Joaquin,,
Joaquina,,
Jodee,,
Jodi,,
Jody,,
Joe,,
Joel,,
Joella,,
Joelle,,
Joellen,,
Joesph,,
Joetta,,
Joey,,
Johana,,
Johanna,,
John,,
Johnathan,,
Johnathon,,
Johnetta,,
Johnie,,
Johnna,,
Johnnie,,
Johnny,,
Johnson,,
Joie,,
Jolanda,,
Joleen,,
Joline,,
Jolyn,,
Jon,,
Jona,,
Jonah,,
Jonas,,
Jonathan,,
Jonathon,,
Jonell,,
Jonelle,,
Jong,,
Joni,,
Jonie,,
Jonnie,,
Jordan,,
Jordon,,
Jorge,,
Jose,,
Josef,,
Josefa,,
Josefina,,
Josefine,,
Joselyn,,
Joseph,,
Josephina,,
Josephine,,
Josette,,
Josh,,
Joshua,,
Josiah,,
Josie,,
Jospeh,,
Josue,,
Jovita,,
Joy,,
Joya,,
Joycelyn,,
Juan,,
Juanita,,
Jude,,
Judi,,
Judie,,
Judith,,
Judson,,
Judy,,
Jule,,
Julee,,
Julene,,
Jules,,
Juli,,
Julia,,
Julian,,
Juliana,,
Juliane,,
Juliann,,
Julianne,,
Julie,,
Julieann,,
Juliet,,
Juliette,,
Julio,,
Julissa,,
Julius,,
June,,
Jung,,
Junior,,
Junita,,
Junko,,
Justa,,
Justin,,
Justine,,
Kacey,,
Kaci,,
Kai,,
Kaila,,
Kaitlin,,
Kaitlyn,,
Kala,,
Kaleigh,,
Kaley,,
Kallie,,
Kalyn,,
Kam,,
Kamala,,
Kandace,,
Kandi,,
Kandis,,
Kandra,,
Kandy,,
Kareem,,
Kareen,,
Karen,,
Kari,,
Karima,,
Karin,,
Karina,,
Karisa,,
Karissa,,
Karl,,
Karla,,
Karleen,,
Karlene,,
Karly,,
Karma,,
Karmen,,
Karol,,
Karoline,,
Karon,,
Karren,,
Karry,,
Karyl,,
Kasandra,,
Kasey,,
Kasie,,
Kassandra,,
Katelin,,
Katelyn,,
Katharyn,,
Katherin,,
Katherine,,
Kathern,,
Katheryn,,
Kathi,,
Kathie,,
Kathleen,,
Kathlene,,
Kathline,,
Kathryn,,
Kathryne,,
Katia,,
Katie,,
Katina,,
Katlyn,,
Katrice,,
Katrina,,
Kattie,,
Katy,,
Kay,,
Kayce,,
Kaycee,,
Kaye,,
Kaylee,,
Kayleigh,,
Kaylene,,
Kazuko,,
Keeley,,
Keely,,
Keenan,,
Keesha,,
Keiko,,
Keira,,
Keisha,,
Keith,,
Keitha,,
Keli,,
Kelle,,
Kellee,,
Kelley,,
Kellie,,
Kelly,,
Kellye,,
Kelsey,,
Kelsi,,
Kelsie,,
Kelvin,,
Ken,,
Kena,,
Kenda,,
Kendal,,
Kendall,,
Kendra,,
Kendrick,,
Keneth,,
Kenia,,
Kenna,,
Kenneth,,
Kennith,,
Kent,,
Kenton,,
Kenya,,
Keren,,
Kermit,,
Kerri,,
Kerrie,,
Kerry,,
Kerstin,,
Keshia,,
Keturah,,
Keven,,
Kevin,,
Khadijah,,
Khalilah,,
Kiana,,
Kiera,,
Kieth,,
Kiley,,
Kim,,
Kimberley,,
Kimberli,,
Kimberlie,,
Kimberly,,
Kimbery,,
Kimbra,,
Kimi,,
Kina,,
Kindra,,
King,,
Kip,,
Kirby,,
Kirk,,
Kirsten,,
Kirstie,,
Kirstin,,
Kisha,,
Kittie,,
Kitty,,
Kiyoko,,
Kizzie,,
Kizzy,,
Klara,,
Kori,,
Kortney,,
Kory,,
Kraig,,
Kris,,
Krishna,,
Krissy,,
Krista,,
Kristal,,
Kristan,,
Kristeen,,
Kristel,,
Kristen,,
Kristi,,
Kristian,,
Kristin,,
Kristina,,
Kristine,,
Kristofer,,
Krysten,,
Krystin,,
Krystle,,
Krystyna,,
Kum,,
Kurt,,
Kurtis,,
Kyle,,
Kylee,,
Kym,,
Kymberly,,
Kyoko,,
Kyong,,
Kyra,,
Kyung,,
Lacey,,
Lachelle,,
Lacy,,
Lael,,
Lai,,
Laila,,
Laine,,
Lajuana,,
Lakeesha,,
Lakeisha,,
Lakendra,,
Lakenya,,
Lakesha,,
Lakeshia,,
Lakiesha,,
Lakisha,,
Lakita,,
Lala,,
Lamar,,
Lamonica,,
Lamont,,
Lan,,
Lana,,
Lance,,
Landon,,
Lane,,
Lanelle,,
Lanette,,
Lani,,
Lanie,,
Lanita,,
Lannie,,
Lanny,,
Lanora,,
Laquanda,,
Lara,,
Larae,,
Laree,,
Larhonda,,
Larisa,,
Larissa,,
Larita,,
Laronda,,
Larraine,,
Larry,,
Larue,,
Lasandra,,
Lashanda,,
Lashandra,,
Lashaunda,,
Lashawn,,
Lashawnda,,
Lashay,,
Lashell,,
Lashon,,
Lashonda,,
Lashunda,,
Lasonya,,
Latarsha,,
Latasha,,
Latashia,,
Latesha,,
Latia,,
Laticia,,
Latonia,,
Latonya,,
Latoria,,
Latosha,,
Latricia,,
Latrina,,
Laura,,
Lauran,,
Laure,,
Laurel,,
Lauren,,
Laurena,,
Laurence,,
Lauri,,
Laurie,,
Laurinda,,
Laurine,,
Lauryn,,
Lavada,,
Lavelle,,
Lavenia,,
Lavera,,
Lavern,,
Laverna,,
Laverne,,
Laveta,,
Lavina,,
Lavinia,,
Lavon,,
Lavona,,
Lavonda,,
Lavone,,
Lavonia,,
Lavonna,,
Lavonne,,
Lawana,,
Lawanna,,
Lawerence,,
Lawrence,,
Layla,,
Layne,,
Lazaro,,
Lea,,
Leah,,
Lean,,
Leana,,
Leandra,,
Leandro,,
Leanora,,
Leatha,,
Leatrice,,
Lecia,,
Lee,,
Leeann,,
Leeanna,,
Leeanne,,
Leesa,,
Leida,,
Leif,,
Leigh,,
Leigha,,
Leilani,,
Leisa,,
Leisha,,
Lelah,,
Leland,,
Lemuel,,
Len,,
Lena,,
Lenard,,
Lenita,,
Lenna,,
Lennie,,
Lenny,,
Lenora,,
Lenore,,
Leo,,
Leola,,
Leoma,,
Leon,,
Leona,,
Leonard,,
Leonardo,,
Leone,,
Leonel,,
Leonida,,
Leonie,,
Leonila,,
Leonora,,
Leonore,,
Leopoldo,,
Leora,,
Leota,,
Lera,,
Leroy,,
Les,,
Lesa,,
Lesha,,
Lesia,,
Leslee,,
Lesley,,
Lesli,,
Leslie,,
Lester,,
Leta,,
Letha,,
Leticia,,
Letisha,,
Letitia,,
Lettie,,
Levi,,
Lewis,,
Lezlie,,
Lia,,
Liane,,
Lianne,,
Libbie,,
Liberty,,
Lida,,
Lidia,,
Lieselotte,,
Lila,,
Lili,,
Lilli,,
Lillia,,
Lilliam,,
Lillian,,
Lilly,,
Lin,,
Lina,,
Lincoln,,
Linda,,
Lindsay,,
Lindsey,,
Lindsy,,
Lindy,,
Linh,,
Lino,,
Linsey,,
Linwood,,
Lionel,,
Lisa,,
Lisbeth,,
Lise,,
Lisette,,
Lissa,,
Livia,,
Liza,,
Lizabeth,,
Lizeth,,
Lizette,,
Lizzette,,
Lizzie,,
Lloyd,,
Loan,,
Logan,,
Lois,,
Loise,,
Lola,,
Lolita,,
Lon,,
Lona,,
Long,,
Loni,,
Lonnie,,
Lonny,,
Loraine,,
Loree,,
Lorelei,,
Loren,,
Lorena,,
Lorene,,
Lorenza,,
Lorenzo,,
Loreta,,
Lorette,,
Lori,,
Loria,,
Loriann,,
Lorie,,
Lorilee,,
Lorina,,
Lorinda,,
Lorine,,
Lorita,,
Lorna,,
Lorraine,,
Lorretta,,
Lorri,,
Lorrie,,
Lorrine,,
Lottie,,
Lou,,
Louann,,
Louanne,,
Louella,,
Louetta,,
Louie,,
Louis,,
Louisa,,
Loura,,
Lourdes,,
Louvenia,,
Lovella,,
Lovetta,,
Lovie,,
Lowell,,
Loyce,,
Loyd,,
Lu,,
Luana,,
Luanna,,
Luanne,,
Luba,,
Lucas,,
Luciana,,
Luciano,,
Lucien,,
Lucienne,,
Lucila,,
Lucile,,
Lucilla,,
Lucille,,
Lucinda,,
Lucio,,
Lucius,,
Lucrecia,,
Lucretia,,
Lucy,,
Ludie,,
Lue,,
Luella,,
Luigi,,
Luis,,
Luisa,,
Luise,,
Luke,,
Lupe,,
Lupita,,
Lura,,
Lurline,,
Luther,,
Luvenia,,
Luz,,
Lyda,,
Lydia,,
Lyla,,
Lyle,,
Lyman,,
Lyn,,
Lyndia,,
Lyndon,,
Lyndsay,,
Lyndsey,,
Lynelle,,
Lynette,,
Lynn,,
Lynne,,
Lynsey,,
Lynwood,,
Ma,,
Mabel,,
Mabelle,,
Mac,,
Machelle,,
Mack,,
Mackenzie,,
Madaline,,
Madalyn,,
Maddie,,
Madeleine,,
Madelene,,
Madeline,,
Madelyn,,
Madlyn,,
Madonna,,
Mae,,
Maegan,,
Mafalda,,
Magali,,
Magaly,,
Magaret,,
Magda,,
Magdalena,,
Magen,,
Maggie,,
Magnolia,,
Mahalia,,
Mai,,
Maia,,
Maida,,
Maira,,
Maisha,,
Maisie,,
Major,,
Majorie,,
Makeda,,
Malcolm,,
Malcom,,
Malena,,
Malia,,
Malik,,
Malika,,
Malisa,,
Malissa,,
Mallie,,
Mallory,,
Malorie,,
Malvina,,
Mamie,,
Mammie,,
Man,,
Mana,,
Manda,,
Manie,,
Manual,,
Manuel,,
Manuela,,
Many,,
Mao,,
Mara,,
Maragret,,
Marc,,
Marcel,,
Marcela,,
Marcelene,,
Marceline,,
Marcelino,,
Marcell,,
Marcella,,
Marcellus,,
Marcelo,,
Marcene,,
Marchelle,,
Marcie,,
Marco,,
Marcos,,
Marcus,,
Mardell,,
Marg,,
Margareta,,
Margarete,,
Margarito,,
Marge,,
Margene,,
Margert,,
Marget,,
Margherita,,
Margie,,
Margit,,
Margo,,
Margorie,,
Margot,,
Margret,,
Margrett,,
Marguerite,,
Margurite,,
Margy,,
Marhta,,
Mari,,
Maria,,
Mariah,,
Mariam,,
Marian,,
Mariana,,
Marianela,,
Marianna,,
Marianne,,
Mariano,,
Maricela,,
Mariel,,
Mariela,,
Mariella,,
Marielle,,
Marietta,,
Mariette,,
Mariko,,
Marilee,,
Marilou,,
Marilu,,
Marilyn,,
Marilynn,,
Marin,,
Marinda,,
Marine,,
Mario,,
Marion,,
Maris,,
Marisela,,
Marita,,
Maritza,,
Marivel,,
Marjory,,
Mark,,
Marketta,,
Markita,,
Markus,,
Marlana,,
Marlen,,
Marlene,,
Marlin,,
Marlo,,
Marlon,,
Marlyn,,
Marlys,,
Marni,,
Marnie,,
Marquita,,
Marquitta,,
Marry,,
Marsha,,
Marshall,,
Marta,,
Martha,,
Martin,,
Martina,,
Martine,,
Marty,,
Marva,,
Marvel,,
Marvella,,
Marvin,,
Marx,,
Mary,,
Maryalice,,
Maryam,,
Maryann,,
Maryanna,,
Marybelle,,
Maryellen,,
Maryjane,,
Maryjo,,
Maryland,,
Marylin,,
Maryln,,
Marylou,,
Marylouise,,
Marylyn,,
Marylynn,,
Masako,,
Mason,,
Matha,,
Mathew,,
Mathilda,,
Matilda,,
Matilde,,
Matt,,
Matthew,,
Mattie,,
Maud,,
Maudie,,
Maura,,
Maureen,,
Maurice,,
Mauricio,,
Maurine,,
Maurita,,
Mauro,,
Max,,
Maxie,,
Maxima,,
Maximina,,
Maximo,,
Maxine,,
Maxwell,,
May,,
Maya,,
Maybell,,
Maybelle,,
Maye,,
Mayme,,
Maynard,,
Mayola,,
Mazie,,
Mckenzie,,
Mckinley,,
Mechelle,,
Meg,,
Megan,,
Meggan,,
Meghan,,
Mei,,
Mel,,
Melanie,,
Melba,,
Melida,,
Melinda,,
Melisa,,
Melissa,,
Melita,,
Mellisa,,
Mellissa,,
Melodee,,
Melodi,,
Melodie,,
Melody,,
Melonie,,
Melvin,,
Melvina,,
Mendy,,
Mercedes,,
Mercedez,,
Mercy,,
Meri,,
Meridith,,
Merilyn,,
Merissa,,
Merle,,
Merlene,,
Merlin,,
Merlyn,,
Merna,,
Merrie,,
Merrilee,,
Merrill,,
Mertie,,
Mervin,,
Mi,,
Mia,,
Mica,,
Micaela,,
Micah,,
Micha,,
Michael,,
Michaela,,
Michaele,,
Michal,,
Michale,,
Micheal,,
Michel,,
Michele,,
Michelina,,
Michell,,
Michelle,,
Michiko,,
Mickey,,
Migdalia,,
Mignon,,
Miguel,,
Miguelina,,
Mika,,
Mikaela,,
Mike,,
Mikel,,
Miki,,
Mikki,,
Mila,,
Milagro,,
Milagros,,
Milan,,
Miles,,
Milissa,,
Millard,,
Millicent,,
Millie,,
Milly,,
Milo,,
Milton,,
Mimi,,
Min,,
Mina,,
Minda,,
Mindi,,
Mindy,,
Minerva,,
Ming,,
Minh,,
Minna,,
Minnie,,
Minta,,
Miquel,,
Mira,,
Mireille,,
Mirella,,
Mireya,,
Miriam,,
Mirian,,
Mirna,,
Mirtha,,
Misha,,
Miss,,
Missy,,
Misti,,
Mitch,,
Mitchel,,
Mitchell,,
Mittie,,
Mitzi,,
Mitzie,,
Miyoko,,
Modesta,,
Modesto,,
Mohamed,,
Mohammad,,
Mohammed,,
Moises,,
Mollie,,
Molly,,
Monet,,
Monika,,
Monique,,
Monnie,,
Monroe,,
Monserrate,,
Monte,,
Monty,,
Moon,,
Moriah,,
Morris,,
Morton,,
Mose,,
Moses,,
Moshe,,
Mozell,,
Mozelle,,
Mui,,
Muoi,,
Muriel,,
Murray,,
Myesha,,
Myles,,
Myra,,
Myriam,,
Myrl,,
Myrle,,
Myron,,
Myrta,,
Myrtis,,
Na,,
Nada,,
Nadine,,
Nakesha,,
Nakia,,
Nakisha,,
Nakita,,
Nam,,
Nan,,
Nana,,
Nancee,,
Nancey,,
Nancie,,
Nancy,,
Nannette,,
Nannie,,
Naoma,,
Naomi,,
Napoleon,,
Narcisa,,
Natacha,,
Natalia,,
Natalya,,
Natasha,,
Natashia,,
Nathalie,,
Nathan,,
Nathanael,,
Nathanial,,
Nathaniel,,
Natividad,,
Neal,,
Necole,,
Neda,,
Nedra,,
Neely,,
Neil,,
Nelida,,
Nell,,
Nelle,,
Nellie,,
Nelson,,
Nenita,,
Neoma,,
Neomi,,
Nereida,,
Nerissa,,
Nery,,
Nestor,,
Neta,,
Neville,,
Newton,,
Nga,,
Nia,,
Nichelle,,
Nicholas,,
Nicholle,,
Nick,,
Nickie,,
Nickolas,,
Nickole,,
Nicky,,
Nicol,,
Nicola,,
Nicolas,,
Nicolasa,,
Nicolette,,
Nidia,,
Nieves,,
Nigel,,
Niki,,
Nikia,,
Nikita,,
Nikki,,
Nilda,,
Nilsa,,
Nina,,
Ninfa,,
Noah,,
Noble,,
Nobuko,,
Noe,,
Noel,,
Noelia,,
Noella,,
Noelle,,
Noemi,,
Nolan,,
Nona,,
Norah,,
Norbert,,
Norberto,,
Noreen,,
Norene,,
Noriko,,
Norine,,
Norma,,
Norman,,
Normand,,
Norris,,
Nova,,
Nubia,,
Numbers,,
Nydia,,
Ocie,,
Octavia,,
Octavio,,
Oda,,
Odelia,,
Odell,,
Odessa,,
Odilia,,
Odis,,
Ofelia,,
Ok,,
Ola,,
Olen,,
Olene,,
Olevia,,
Olimpia,,
Olin,,
Olinda,,
Oliva,,
Olive,,
Oliver,,
Olivia,,
Ollie,,
Olympia,,
Oma,,
Omar,,
Omer,,
Ona,,
Onie,,
Onita,,
Opal,,
Ora,,
Orval,,
Orville,,
Oscar,,
Osvaldo,,
Oswaldo,,
Otha,,
Otis,,
Otto,,
Owen,,
Ozell,,
Ozella,,
Ozie,,
Ozzie,,
Pablo,,
Page,,
Palma,,
Palmer,,
Palmira,,
Pam,,
Pamala,,
Pamela,,
Pamelia,,
Pamila,,
Pamula,,
Pandora,,
Pansy,,
Paris,,
Parker,,
Parthenia,,
Particia,,
Pasquale,,
Pasty,,
Pat,,
Patria,,
Patrice,,
Patricia,,
Patrick,,
Patsy,,
Patti,,
Patty,,
Paul,,
Paula,,
Paulene,,
Pauletta,,
Paulette,,
Pauline,,
Paz,,
Pearl,,
Pearlene,,
Pearlie,,
Pearline,,
Pedro,,
Peg,,
Peggie,,
Peggy,,
Penelope,,
Penney,,
Penni,,
Pennie,,
Penny,,
Percy,,
Perla,,
Perry,,
Pete,,
Peter,,
Petra,,
Petrina,,
Petronila,,
Phebe,,
Phil,,
Philip,,
Phillip,,
Philomena,,
Phoebe,,
Phung,,
Phuong,,
Phylis,,
Phyliss,,
Phyllis,,
Pia,,
Pierre,,
Ping,,
Pinkie,,
Piper,,
Pok,,
Polly,,
Porfirio,,
Porsche,,
Porsha,,
Porter,,
Portia,,
Precious,,
Preston,,
Pricilla,,
Prince,,
Priscila,,
Priscilla,,
Providencia,,
Prudence,,
Pura,,
Qiana,,
Queen,,
Queenie,,
Quentin,,
Quiana,,
Quincy,,
Quinn,,
Quintin,,
Quinton,,
Rachal,,
Rachell,,
Racquel,,
Rae,,
Raeann,,
Raelene,,
Rafael,,
Raina,,
Raisa,,
Raleigh,,
Ralph,,
Ramiro,,
Ramon,,
Ramonita,,
Rana,,
Ranae,,
Randal,,
Randall,,
Randee,,
Randell,,
Randi,,
Randolph,,
Randy,,
Ranee,,
Raphael,,
Rashad,,
Rasheeda,,
Raul,,
Raven,,
Ray,,
Rayford,,
Raylene,,
Raymon,,
Raymond,,
Raymonde,,
Raymundo,,
Rayna,,
Rea,,
Reanna,,
Reatha,,
Rebbeca,,
Rebbecca,,
Rebeca,,
Rebecca,,
Rebecka,,
Reda,,
Reed,,
Reena,,
Refugia,,
Refugio,,
Regan,,
Regena,,
Reggie,,
Reginald,,
Regine,,
Reginia,,
Reid,,
Reiko,,
Reina,,
Reinaldo,,
Reita,,
Rema,,
Remedios,,
Renae,,
Renaldo,,
Renata,,
Renate,,
Renato,,
Rene,,
Renea,,
Renetta,,
Renita,,
Renna,,
Ressie,,
Reta,,
Retha,,
Retta,,
Reuben,,
Reva,,
Rex,,
Rey,,
Reyes,,
Reyna,,
Reynaldo,,
Rheba,,
Rhett,,
Rhiannon,,
Rhoda,,
Rhona,,
Rhonda,,
Ria,,
Ricarda,,
Ricardo,,
Rich,,
Richard,,
Richelle,,
Richie,,
Rick,,
Rickey,,
Ricki,,
Rickie,,
Rico,,
Rigoberto,,
Rikki,,
Riley,,
Rima,,
Rina,,
Risa,,
Riva,,
Rob,,
Robbi,,
Robbie,,
Robbin,,
Robby,,
Robbyn,,
Robena,,
Robert,,
Roberta,,
Roberto,,
Robin,,
Robt,,
Robyn,,
Rocco,,
Rochell,,
Rochelle,,
Rocky,,
Rod,,
Roderick,,
Rodger,,
Rodney,,
Rodolfo,,
Rodrick,,
Rodrigo,,
Rogelio,,
Roger,,
Roland,,
Rolanda,,
Rolande,,
Rolando,,
Rolf,,
Rolland,,
Roma,,
Roman,,
Romana,,
Romelia,,
Romeo,,
Romona,,
Ron,,
Rona,,
Ronald,,
Ronda,,
Roni,,
Ronni,,
Ronnie,,
Ronny,,
Roosevelt,,
Rory,,
Rosa,,
Rosalba,,
Rosalia,,
Rosalind,,
Rosalinda,,
Rosamond,,
Rosann,,
Rosario,,
Rosaura,,
Roscoe,,
Roseann,,
Roseanna,,
Roseanne,,
Roselia,,
Roseline,,
Rosella,,
Roselle,,
Roselyn,,
Rosemarie,,
Rosenda,,
Rosendo,,
Rosette,,
Rosia,,
Rosie,,
Roslyn,,
Ross,,
Rossana,,
Rossie,,
Rosy,,
Rowena,,
Roxana,,
Roxane,,
Roxann,,
Roxanna,,
Roxanne,,
Roxy,,
Roy,,
Royal,,
Royce,,
Rozanne,,
Rozella,,
Ruben,,
Rubi,,
Rubie,,
Rubin,,
Ruby,,
Rubye,,
Rudolf,,
Rudolph,,
Rudy,,
Rueben,,
Rufina,,
Rufus,,
Rupert,,
Russ,,
Russel,,
Russell,,
Rusty,,
Ruth,,
Rutha,,
Ruthann,,
Ruthie,,
Ryan,,
Sabina,,
Sabra,,
Sacha,,
Sachiko,,
Sade,,
Sadye,,
Sal,,
Salena,,
Salina,,
Salome,,
Salvador,,
Salvatore,,
Sam,,
Samatha,,
Samella,,
Samira,,
Sammie,,
Sammy,,
Samual,,
Samuel,,
Sanda,,
Sandy,,
Sanford,,
Sang,,
Sanora,,
Santa,,
Santana,,
Santiago,,
Santo,,
Santos,,
Sara,,
Sarah,,
Saran,,
Sari,,
Sarina,,
Sarita,,
Sau,,
Saul,,
Saundra,,
Savanna,,
Savannah,,
Scarlett,,
Scot,,
Scott,,
Scottie,,
Scotty,,
Sean,,
Season,,
Sebastian,,
Sebrina,,
See,,
Seema,,
Selena,,
Selene,,
Selina,,
Selma,,
Sena,,
Senaida,,
September,,
Serena,,
Sergio,,
Serina,,
Serita,,
Seth,,
Setsuko,,
Seymour,,
Sha,,
Shad,,
Shaina,,
Shakira,,
Shakita,,
Shalanda,,
Shalon,,
Shalonda,,
Shamika,,
Shana,,
Shanae,,
Shandi,,
Shandra,,
Shane,,
Shaneka,,
Shanelle,,
Shanice,,
Shanika,,
Shanita,,
Shannan,,
Shannon,,
Shanon,,
Shanta,,
Shantae,,
Shantay,,
Shante,,
Shantel,,
Shantelle,,
Shaquana,,
Shara,,
Sharan,,
Sharda,,
Sharell,,
Sharen,,
Sharice,,
Sharie,,
Sharita,,
Sharla,,
Sharlene,,
Sharmaine,,
Sharonda,,
Sharri,,
Sharron,,
Sharyl,,
Sharyn,,
Shasta,,
Shaun,,
Shauna,,
Shaunda,,
Shaunta,,
Shaunte,,
Shavon,,
Shavonda,,
Shavonne,,
Shawn,,
Shawna,,
Shawnda,,
Shawnee,,
Shawnta,,
Shay,,
Shayla,,
Shayna,,
Shayne,,
Shea,,
Shela,,
Shelba,,
Shelby,,
Sheldon,,
Shelley,,
Shellie,,
Shelly,,
Shelton,,
Shemeka,,
Shemika,,
Shena,,
Shenita,,
Shera,,
Sheree,,
Sheridan,,
Sherill,,
Sherita,,
Sherlene,,
Sherley,,
Sherly,,
Sherlyn,,
Sherman,,
Sheron,,
Sherrell,,
Sherrie,,
Sherrill,,
Sherry,,
Sherryl,,
Sherwood,,
Shery,,
Sheryl,,
Sheryll,,
Shiela,,
Shiloh,,
Shin,,
Shira,,
Shirely,,
Shirlee,,
Shirlene,,
Shirley,,
Shizue,,
Shizuko,,
Shon,,
Shona,,
Shonda,,
Shondra,,
Shonna,,
Shonta,,
Shu,,
Sibyl,,
Sid,,
Sidney,,
Sierra,,
Sigrid,,
Silas,,
Silva,,
Silvana,,
Sima,,
Simon,,
Simone,,
Sina,,
Sirena,,
Sixta,,
Skye,,
Slyvia,,
So,,
Soila,,
Sol,,
Solange,,
Soledad,,
Solomon,,
Somer,,
Sommer,,
Son,,
Sona,,
Sondra,,
Sonia,,
Sonja,,
Sonny,,
Sonya,,
Soo,,
Sook,,
Sophia,,
Sophie,,
Soraya,,
Sparkle,,
Spencer,,
Spring,,
Stacee,,
Stacey,,
Stacie,,
Stacy,,
Stan,,
Stanford,,
Stanley,,
Stanton,,
Star,,
Starla,,
Starr,,
Stasia,,
Stefan,,
Stefani,,
Stefania,,
Stefanie,,
Stefany,,
Stella,,
Stepanie,,
Stephaine,,
Stephan,,
Stephane,,
Stephani,,
Stephanie,,
Stephen,,
Stephine,,
Stephnie,,
Steve,,
Steven,,
Stevie,,
Stewart,,
Stormy,,
Stuart,,
Su,,
Sue,,
Sueann,,
Suellen,,
Sulema,,
Summer,,
Sun,,
Sunday,,
Sung,,
Sunni,,
Sunny,,
Susan,,
Susana,,
Susann,,
Susanna,,
Susannah,,
Susanne,,
Susie,,
Susy,,
Suzan,,
Suzanna,,
Suzanne,,
Suzette,,
Suzi,,
Suzie,,
Svetlana,,
Sybil,,
Syble,,
Sydney,,
Sylvester,,
Sylvia,,
Sylvie,,
Synthia,,
Syreeta,,
Ta,,
Tabatha,,
Tabetha,,
Tad,,
Tai,,
Taina,,
Taisha,,
Tajuana,,
Takisha,,
Talisha,,
Talitha,,
Tama,,
Tamar,,
Tameika,,
Tameka,,
Tamekia,,
Tami,,
Tamica,,
Tamika,,
Tamiko,,
Tamisha,,
Tammara,,
Tammera,,
Tammi,,
Tammie,,
Tamra,,
Tandra,,
Tandy,,
Taneka,,
Tanesha,,
Tangela,,
Tanika,,
Tanisha,,
Tanna,,
Tanner,,
Tara,,
Tarah,,
Tari,,
Tarra,,
Tarsha,,
Taryn,,
Tasha,,
Tashia,,
Tatiana,,
Tatyana,,
Taunya,,
Tawana,,
Tawanna,,
Tawna,,
Taylor,,
Ted,,
Teddy,,
Teisha,,
Telma,,
Tempie,,
Tena,,
Tenesha,,
Tennille,,
Teodoro,,
Teofila,,
Tequila,,
Tera,,
Tereasa,,
Terence,,
Teresa,,
Teresita,,
Teressa,,
Teri,,
Terica,,
Terina,,
Terra,,
Terrance,,
Terrell,,
Terrence,,
Terresa,,
Terri,,
Terrie,,
Terrilyn,,
Terry,,
Tesha,,
Tess,,
Tessa,,
Thad,,
Thaddeus,,
Thalia,,
Thanh,,
Thea,,
Theo,,
Theodora,,
Theodore,,
Theola,,
Theresia,,
Theressa,,
Theron,,
Thi,,
Thomas,,
Thomasena,,
Thomasina,,
Thomasine,,
Thresa,,
Thurman,,
Thuy,,
Tia,,
Tiana,,
Tianna,,
Tiara,,
Tien,,
Tierra,,
Tiffaney,,
Tiffani,,
Tiffanie,,
Tiffany,,
Tijuana,,
Tilda,,
Tim,,
Timika,,
Timmy,,
Timothy,,
Tina,,
Tisa,,
Tish,,
Titus,,
Tobi,,
Tobias,,
Tobie,,
Toby,,
Toccara,,
Tod,,
Todd,,
Toi,,
Tom,,
Tomas,,
Tomasa,,
Tomi,,
Tomika,,
Tommie,,
Tommy,,
Tomoko,,
Tona,,
Tonda,,
Tonette,,
Toney,,
Toni,,
Tonia,,
Tonie,,
Tonita,,
Tonja,,
Tony,,
Tonya,,
Tora,,
Torri,,
Tory,,
Tosha,,
Toshia,,
Toshiko,,
Tova,,
Tracee,,
Tracey,,
Traci,,
Tracie,,
Tracy,,
Tran,,
Travis,,
Treasa,,
Treena,,
Trent,,
Trenton,,
Tresa,,
Tressa,,
Tressie,,
Treva,,
Trevor,,
Trey,,
Tricia,,
Trinh,,
Trinidad,,
Trish,,
Trisha,,
Tristan,,
Troy,,
Trudi,,
Trudie,,
Trudy,,
Truman,,
Tuan,,
Tuyet,,
Twana,,
Twanda,,
Twanna,,
Twila,,
Twyla,,
Ty,,
Tyesha,,
Tyisha,,
Tyler,,
Tynisha,,
Tyree,,
Tyrell,,
Tyron,,
Tyrone,,
Tyson,,
Ula,,
Ulrike,,
Ulysses,,
Un,,
Una,,
Ursula,,
Usha,,
Ute,,
Vada,,
Val,,
Valarie,,
Valencia,,
Valene,,
Valentin,,
Valentina,,
Valentine,,
Valeria,,
Valerie,,
Valery,,
Valorie,,
Valrie,,
Van,,
Vanda,,
Vanessa,,
Vania,,
Vanita,,
Vanna,,
Vannessa,,
Vashti,,
Vaughn,,
Veda,,
Velda,,
Velia,,
Vella,,
Velma,,
Velva,,
Velvet,,
Vena,,
Venessa,,
Venice,,
Veola,,
Verda,,
Verdell,,
Verdie,,
Verena,,
Verlene,,
Verlie,,
Verline,,
Vern,,
Verna,,
Vernell,,
Vernetta,,
Vernice,,
Vernie,,
Vernon,,
Verona,,
Veronika,,
Veronique,,
Versie,,
Vertie,,
Vesta,,
Vi,,
Vicenta,,
Vicente,,
Vickie,,
Vicky,,
Victor,,
Victoria,,
Vida,,
Viki,,
Vikki,,
Vilma,,
Vina,,
Vince,,
Vincent,,
Vincenza,,
Vincenzo,,
Vinita,,
Vinnie,,
Viola,,
Violet,,
Virgie,,
Virgil,,
Virgilio,,
Virgina,,
Vita,,
Vito,,
Viva,,
Vivan,,
Vivian,,
Vivien,,
Vivienne,,
Von,,
Vonnie,,
Wade,,
Wai,,
Waldo,,
Walker,,
Wallace,,
Wally,,
Walter,,
Walton,,
Wan,,
Ward,,
Warner,,
Warren,,
Waylon,,
Wayne,,
Wei,,
Weldon,,
Wendell,,
Wendi,,
Wendie,,
Wendy,,
Wenona,,
Werner,,
Wes,,
Wesley,,
Weston,,
Whitley,,
Whitney,,
Wilber,,
Wilbert,,
Wilbur,,
Wilburn,,
Wilda,,
Wiley,,
Wilford,,
Wilfred,,
Wilfredo,,
Will,,
Willa,,
Willard,,
Willena,,
Willene,,
Willetta,,
Willette,,
William,,
Williams,,
Willian,,
Willie,,
Williemae,,
Willis,,
Willow,,
Willy,,
Wilma,,
Wilmer,,
Wilson,,
Wilton,,
Winford,,
Winfred,,
Winona,,
Winston,,
Winter,,
Wm,,
Wonda,,
Woodrow,,
Wyatt,,
Wynell,,
Xavier,,
Xenia,,
Xiao,,
Xochitl,,
Xuan,,
Yadira,,
Yaeko,,
Yan,,
Yang,,
Yanira,,
Yasmine,,
Yasuko,,
Yee,,
Yelena,,
Yer,,
Yessenia,,
Yetta,,
Ying,,
Yolanda,,
Yong,,
Young,,
Yu,,
Yuette,,
Yuk,,
Yuki,,
Yuko,,
Yulanda,,
Yuonne,,
Yuri,,
Yuriko,,
Yvette,,
Zachariah,,
Zachary,,
Zachery,,
Zack,,
Zackary,,
Zada,,
Zaida,,
Zana,,
Zandra,,
Zane,,
Zella,,
Zelma,,
Zenaida,,
Zenia,,
Zenobia,,
Zetta,,
Zina,,
Zoe,,
Zofia,,
Zoila,,
Zola,,
Zona,,
Zonia,,
Zora,,
Zoraida,,
Zula,,
Zulma,,
