user_id,tracking_id,email
026f1cfd-139d-4f81-b9ea-7f5b4ed609fe,9cb30496-f536-460a-9671-5af3250f6766,nataliejohnson@calhoun.org
0454ac21-7f91-4a7d-bf37-f75409acd17e,b8526799-3e0e-4893-bea6-dde3e5f3097f,rhonda89@hotmail.com
0556b3d7-6da6-4e24-9fc7-9e644ba4e976,918abd94-15fd-47b6-a61b-3d1e3b0f5e3a,dawnmeyer@yahoo.com
0a0f999a-baca-49e7-9287-92fc9c8d4459,de657eec-e707-41b2-8516-7e9a53ff40a3,pattersonbradley@hotmail.com
0a3473d0-7eae-4031-9d43-33176a02539d,97c7f567-c811-424d-a4e5-57a9893d9d88,walkerbeth@hotmail.com
0e58f1f7-e7c4-476a-a89d-71ba1d69f1f6,8257f9c9-0b83-40fe-ab63-ceb5743d4d4d,dbrown@mann.com
0eb6fa4d-b4a6-4f81-aa3a-2ea64e40673e,efcbecdc-12f2-4347-afc9-ad998b379289,imartinez@martinez.net
0ef68733-9b64-4c73-9838-4132a06a55f3,27c31b61-95f0-44f6-bc57-8fa2a1cb18e6,rebeccasalinas@gmail.com
1068b772-d56e-4c91-9454-7be1cbb2fd7d,af5a25fa-8016-424d-bdd1-889b69ce7930,kclarke@smith-walls.info
11b06d5b-47db-4fda-95ab-915efdd66b47,3f42f347-8828-497a-bd3a-41b826ac3b6d,frederickwest@mathews.com
1593e74e-13bc-4a38-82b4-801ce22f10ee,32475383-fa1f-46c9-a410-2fcefa977774,barneskatie@hotmail.com
165c265c-40cd-481f-9a9b-1f330dbdc6cc,37830b7c-8d9a-4d2e-be3b-bde4c12e0e59,andrewwade@johnston.com
1709c90c-c8de-4e89-9325-ac62c3a0a4fa,b40238c5-b4b2-4a30-91e7-2587f2d686b2,nashangela@sullivan.com
186e2358-2e8d-4ed8-80df-88c8444f9169,cd3afecb-8b38-4a05-a102-9eff9cefe517,xschaefer@rodriguez.com
19680c4a-59fe-4797-9590-04c623864e56,0a6b710e-21a3-4223-bef8-69a551431d24,robert79@williams.com
19f59e79-7965-498f-ac9f-3eeb4df96c86,19040a82-6c79-4f26-b1ca-b0b252dfacc8,brownjoe@warner.info
1c86083d-b72f-4d81-b5af-e31cf9b699ca,611d738e-e6e5-4330-8500-8512a18e7f9d,anthony97@foster.org
1cb596bf-dc24-42a9-906b-31fc4d635e42,f521d7fa-5ac0-475f-94e9-bc68b54b83a3,meyersrichard@hotmail.com
1f431926-ddb2-498b-936b-f13fe59db015,07a47ee6-5f63-4000-8378-29326f344e98,brandon78@morris-mcclure.biz
259bc956-97b6-4b41-a2aa-4556ce740538,d69fa71d-9d15-4d0e-9361-2390bf8b22f8,hannahwilson@curry-moore.info
267e1646-0751-4c36-8c4e-b8d283b06b28,0d7ad731-f91c-4bd6-9aa0-4a839ab273c5,jbrown@roberts.com
29f4abfa-35ed-477d-9571-9905bda3c15a,7a043b61-cede-4834-acc7-80cb02f69f2f,carlbrandt@gmail.com
30b90739-b697-497a-87de-708c4a1083cf,180edb37-517c-4648-b13b-6fd8d380a3cc,rgonzalez@hotmail.com
30e6c60a-f087-42d9-974e-9a266f6807f3,80031efe-c74c-4d48-a284-df3792947873,fitzgeraldallen@gmail.com
33113210-7f7f-4f59-9cf3-ede72743ed73,6a5a0849-9b39-4a89-b904-97992f0828d8,theresa69@hotmail.com
3361f4b3-d6ef-4d1e-ac07-a221d4fe9948,cc7c47b3-eff8-41d3-83ce-4cdee0fa34a4,christophergarcia@walker.com
362c3289-d16f-4b92-adce-5abfd460afef,3c9f6961-aed8-4806-b210-5f6e72d7e8a2,shannon96@rivera.com
375cd4cc-baed-4b7f-adb6-8fa3ac993ed1,d9d2fcde-a581-40f8-a098-751d2bf647f9,egibson@green-obrien.net
3d7f6c94-da59-4258-aaa1-dc2744bb94f8,e6431849-8bbd-4293-8f10-859b4e8b556e,veronica06@hotmail.com
4044dac5-e61d-47d3-b06c-4f5ce70bbbd1,f0e8c5ea-1472-46d9-8ce8-61dbe3d49fca,dannyvalenzuela@gmail.com
4276711f-0ef8-4848-ac8c-05224581dc8d,f62a8eaa-55f3-497d-b178-8cfc91895890,hensleymichelle@jackson-kennedy.com
435a7efc-d2e0-42a4-8bf7-7f420aedde89,d3ec6589-66c7-408a-b0cc-63adab4aaac9,alicia66@hotmail.com
478d5280-7f3a-439e-af8f-b4fceeb8b96f,a9ca2b51-1dc6-4afa-a041-c804c89301ca,bkim@clayton.org
4ac24ec3-d646-4b2e-b157-dd7f38658d7e,208f67c4-0b98-4833-803a-e9f139d5a413,eashley@yahoo.com
4bf72c14-50e1-427b-adb7-2d135bb1e848,81072b9d-bc00-4137-9877-576d4a645626,timothydavis@yahoo.com
4c10e648-cb40-4780-8c0b-cbd9f5782075,9b9de67a-791c-4928-8eff-e47aac22903c,mcphersonluis@yahoo.com
4c683546-7ec0-4274-ace7-b318ef723278,4ef3b3d3-ddd2-43fb-8cc6-7883396b9067,richsara@yahoo.com
4d7f7e4e-ec1d-4575-ad7d-551b6e8597c3,03da65da-b714-4b92-b95c-69b5523836da,michael78@yahoo.com
50ae57fd-6c8e-4cc0-a9f3-797371b909cf,6da6e257-e037-4485-a7bb-f8cf431e39f6,howardlinda@gmail.com
52532212-78f9-4057-9644-22a10fb95d59,e07f1d8e-6d65-425d-b852-16a5bbeba343,shannondavis@yahoo.com
53d2c7e4-605f-41c2-a6c3-6778a3642b02,e422824c-ba55-409d-8dbb-41767e27c899,ashley77@martinez.com
5779dbb4-3222-4e1f-a0ff-f9ec6750743b,d9218d4b-08d3-4ffd-809b-cdd88065bd1c,rebecca22@yahoo.com
5b3756b9-0a96-4522-939a-f1784d81d9b5,090d2842-2cb9-406e-bc67-77691023cba3,catherinedavis@yahoo.com
5c23603c-ab9c-4d2f-bf29-edf8ec5b8a98,32a2a700-c5dc-40e8-9c38-7a027b4e8468,wrighttiffany@hotmail.com
5fd913c6-392f-4151-a163-284d5047124f,4e3e7e29-4b42-4ad9-95f9-a199e4ed0aba,jessicasanchez@yahoo.com
63acc15f-0c6c-4e7f-9433-8b16b665cfca,0ccc5c85-0376-4b82-acf2-dd2f0e82a0c4,jbuchanan@hotmail.com
6ea9e749-f63c-4b65-ad03-866c76825c07,c5207ac5-3178-4ba5-82a4-5e57123ed0f8,woodsnancy@gmail.com
7294e166-8cef-456f-bac3-2c52026a5dc2,a8f66fc4-01b1-4ad2-a24c-103d3b7be322,nataliewallace@reyes.biz
77eaccbb-7baf-4a87-b875-040bb64c9af7,03d407a5-9f10-4fec-9439-c95f882c43cb,kathleensampson@curtis.com
79d75d6d-0d7b-4c0d-8df7-f0dcadfe7065,5d2e74ae-ee5a-488f-af29-5fd610053f5e,markdavis@yahoo.com
7a032f8c-eef9-473e-b22a-e3d82b0e7d01,f0968be2-a7e9-4349-9d93-b0bf592a7eec,nicholas96@gmail.com
7ade3610-7276-433e-8e57-a30a8e239a71,08ec96b9-de6f-4e6c-9eec-57a049e34ed3,boylejason@mann.com
7e0c3d59-9b02-4aff-ab8c-7952ed4ec9ff,53f831a9-76c7-4076-93f7-3d737bfa2b1e,brittanypollard@fernandez.com
8249fe5f-a950-432e-a861-ba7616c8305c,1fdf919a-da28-41e9-8a3a-38dff8b539d6,tina02@gmail.com
851b3ad6-ab0e-47c6-8e90-026258d6387d,faf1dfa6-e76a-4fde-b9b6-b59bb5590186,edavis@obrien-lopez.info
8812aa24-136e-4d17-84ca-336dd7be3926,0383743e-8a86-4485-b08f-791fe4657f1c,lnorman@weeks-shaffer.org
88d52fc7-e68c-4b8f-a32f-a5c10ebfaa3f,ce37e64e-163d-4218-998a-8c647aa82f58,michelle08@gmail.com
89e78a95-a610-4f80-b974-216f41e2a675,e6d3f144-2c3c-4ce2-9018-ecc76342d9b8,glopez@wyatt.com
8be6a1cc-06cd-4190-8355-e1dc269beb98,474f73e9-fa3c-47fd-8478-31a52d068640,brettmiller@dunlap.com
8dc6a5db-efb3-4ecc-93da-84f0414acc9a,9f93f0cc-8e0d-4c3a-95d3-7f6ba20cbc1b,eavila@yahoo.com
8f1150b1-0b5c-466b-b115-6f86aeb5bc6d,fd578453-b28b-4257-a073-8f522477c06e,plopez@harrison-mitchell.com
8f57e71f-bcba-4da8-a13a-b6e7c4db7f8d,562dd98c-eb28-4138-898c-f33f3f0100eb,millerrobert@gmail.com
9626afb3-35f5-4b7a-ad63-a5fbc72422f0,51260f82-5230-437a-ac00-3ee8ba7786b5,kanekimberly@garcia-greene.biz
991936cd-5af9-4c38-ae6f-2f01a78074eb,4d4f336a-03eb-4648-bc6a-b15d1c89e016,michellejohnson@hotmail.com
99740c70-530e-4325-b39b-e541a1c4d38b,bcebf218-edcc-41cd-9014-23fba97fe0b3,kariwhitehead@gmail.com
9fa28d59-cc72-43f2-8760-937c2529ae10,d8358565-598d-4ba6-aae7-0adb14e7cb20,sarahwatson@hotmail.com
a83cb86c-8c0a-4628-bc29-59444eb4818e,255a8fc3-7118-4f27-820c-254fa38f4d66,tbrown@yahoo.com
a9852cf3-4a71-47f5-b077-55c2fb5e6cde,22e8395e-cea6-4fb8-99b7-3fb29b110a1a,livingstoncarol@hotmail.com
aa931bdf-aff3-4669-8a93-6a15595e58fe,12b9e0af-d1de-43de-a7a4-8a08bd8fd65a,ashleygonzalez@gmail.com
aaaa0069-3a2d-432f-9e38-9fa65b8c75c7,dd6e516d-c9b0-4942-89e8-cc71503317a0,mallorygardner@hotmail.com
ab7d2e95-e3f9-4a90-8e8e-e057fcb03740,daa4e065-28db-4ed1-8f70-bb7ead6d4bbb,bethanyfisher@hotmail.com
af79f937-f09d-4340-b5ac-96ca3e73d8a2,9c41e648-223e-42ad-af7f-77d496935a87,ritavelez@gmail.com
b065e682-2fcf-43c5-ad1e-f93bb3b28809,becd1206-820c-46cf-82e5-fe9e64c1ba9d,steve75@gmail.com
b1fd1907-b82b-4460-842b-ceb0ff0cbb32,8a475dee-fc6e-4433-b432-778b22d6f604,todd85@chambers.com
b2746c6d-c69c-45ec-8b2d-91dbda257467,e784ea2d-f42e-48a3-b321-aee2646acf7b,rodgersblake@yahoo.com
b5226cb0-5e80-4fa7-88a5-ea8f6cf24165,f3f129ce-6ac3-4460-aebe-ce3f2f627a74,loribarnes@hotmail.com
b5295dc2-2bac-478c-b27d-97e3d4623379,3d1ad36f-df7a-4472-8a5d-58e03f9dba32,vincentsimpson@yahoo.com
b69b5dac-2f14-42c5-9ad0-6e880bdaf406,7212aed3-573c-4564-a965-afffc8e0908b,clarkdavid@hotmail.com
b7d8c9d1-aba0-4ca0-bdc8-32b6e34a2d8b,332bec8e-f5ef-4026-b70d-49c8d1877016,tgonzales@gmail.com
bb72764d-e491-4f47-836d-4c41fa96d6e2,e699912f-4b6f-4f54-bc78-4988a56a4a61,stevengonzales@young.info
c0b3334e-fec9-4805-aadd-7efbe053a515,f0ba1ae5-d948-4983-bd79-c873d59fc81b,claytonfrancisco@gmail.com
c114debb-8ff4-4032-bf3f-eddbc205b343,97152cd1-11d7-4e82-bfb5-28c4fe12608d,marietate@yahoo.com
c63477ff-6b73-42b8-9d53-8bf3356b0719,c3bf07ea-6b4e-4436-8cec-62b880078050,thompsonkeith@lewis-ford.org
c6a071c3-639b-4198-a770-67662935fd03,551b40d3-7c8c-4ee1-8160-2f96a0681487,tlopez@young.com
c9c84414-29fb-4476-8f1b-ca5690dc0839,88048575-3c18-4d70-9122-adb3221fa72b,jessica17@jenkins.org
cb6e4e54-a610-456c-b6b2-83eda21dcd13,7f03b867-cc4d-43ff-856c-3ae3f778596e,jimenezbilly@walter.net
cbcba2b6-b74b-41cc-a487-0d23da67237e,da6a1b41-7906-4396-8616-b7498933b8e7,fletcherandrew@yahoo.com
cc172264-b8ea-4ec0-af2b-6d29a329b42f,418a9272-25e4-4c8f-933f-1006271a8ad2,allison57@bass.com
d2927128-e872-4f31-9001-ef2ad21e20b3,47523eb3-8bc3-402f-9c66-35be003e8b14,eparker@callahan.com
d543eb4f-62c5-48b4-82d1-95dc95299d2b,b24e7c22-2414-412e-9182-d44f9f649b26,laurayoder@hotmail.com
db9665fa-819b-45c4-9955-d20f346a11f2,02f93e32-8cea-47a7-ab33-db2ab37b1606,tyler36@green-hernandez.com
dee58fdd-1379-4064-906d-a0ab7c2f17ec,e58f6ec8-108c-4d35-a301-696dfc850e1b,sierrastevenson@gmail.com
e3238108-3bcc-413a-975d-0d6fdfd9ce31,2697ef67-0e64-49d2-8bb0-b8b8f9689251,susanforbes@yahoo.com
e4867665-22cf-4bad-9cdf-03de948c301d,ea0cbf89-02e4-4aaa-8262-31c935d75b6c,kyleelliott@gmail.com
e48c0a1c-f2a4-415e-bc1d-f65a85cf5e0c,34e5762b-d706-4da2-a723-760fc10de74b,jeffrey49@gmail.com
e7b948a0-66c3-4abb-bbcf-3ad5e7d1eb82,0db83c40-6c0c-4a53-aa37-85ec064db333,mlogan@gmail.com
ec906997-83e9-4b33-9670-e0637ebab219,9acaf21a-544a-4f15-919b-374677b7e414,joseph49@hotmail.com
eca1d55e-f718-41b5-afc4-5b8a58666f06,cf2971a4-3dba-4b87-87a8-699046353823,allisonprice@gmail.com
f870147e-8193-4ae5-befc-5d9d92d43eac,503a91a3-10ea-441e-8c0f-70092b515131,stevenadams@hotmail.com
fff75b41-6326-4229-a609-1706185d54cb,ae52c892-245a-4098-8bcc-f79d5115574f,hbaker@hernandez-brooks.com
